Genus,Species,NextSeq single IDs,NextSeq paired 1 and MiSeq paired ID,NextSeq paired 2 ID,HiSeq paired ID,HiSeq2500 paired ID,Total reads,Total read pairs
Apomys,lubangensis,30,JAE169,1,NA,NA,39416143,21426545
Batomys,salomonseni,31,JAE3320,2,NA,NA,44922423,24350504
Bulimus,bagobus,32,JAE1712,3,NA,NA,40136609,21817329
Chrotomys,mindorensis,33,JAE520,4,NA,NA,49304527,26782826
Phloeomys,pallidus,34,JEC43,5,NA,NA,43252850,23530983
Rhynchomys,isarogensis,35,JAE2195,6,NA,NA,48691370,26264907
Sundamys,meulleri,36,JAE1283,7,NA,NA,32921970,17941181
Taeromys,punicans,37,JLP25862,8,NA,NA,38678142,21033121
Hyorhinomys,stuempkei,38,JAE4661,9,NA,NA,35615679,19368752
Hybomys,univittatus,39,TCD4026,10,NA,NA,39965464,21692352
Colomys,goslingi,40,TCD4175,11,NA,NA,54274084,29747574
Malacomys,longipes,41,TCD4253,12,NA,NA,50346615,27328159
Hylomyscus,vulcanorum,42,TCD4382,13,NA,NA,59437143,32219229
Praomys,degraaffi,43,TCD4312,14,NA,NA,53934147,29299873
Grammomys,sp,44,TCD4560,15,NA,NA,57287635,31121807
Lemniscomys,striatus,45,TCD4711,16,NA,NA,40763543,22187579
Berylymys,bowersi,46,ABTC116431,17,NA,NA,82273802,44343161
Crunomys,celebensis,47,Z21894,18,NA,NA,41655844,22666137
Echiothrix,centrosa,48,Z27993,19,NA,NA,31902118,16016280
Gracillimus,radix,49,Z08508,20,NA,NA,59242028,32139651
Leopoldomys,sabanus,50,Z25191,21,NA,NA,43652099,23787403
Margaretamys,parvus,51,Z21794,22,NA,NA,33142973,18101156
Melasmothrix,naso,52,Z21808,23,NA,NA,38443508,20930100
Paucidentomys,vermidax,53,Z21914,24,NA,NA,35942038,19647305
Sommeromys,macrorhinos,54,Z21740,25,NA,NA,36326027,19783461
Tateomys,macrocercus,55,Z21834,26,NA,NA,29214446,15912812
Tateomys,rhinogradoides,56,Z21785,27,NA,NA,46966637,25585521
Waiomys,mamasae,57,Z20624,28,NA,NA,60816797,32796949
Chiropodomys,gliroides,58,Z25153,29,NA,NA,35062012,19118307
Lorentzimys,nouhuysi,59,ABTC-46314,30,NA,NA,54949680,29842442
Mastacomys,fuscus,60,ABTC-07354,31,NA,NA,46576366,25330404
Melomys,rufescens,61,ABTC-44798,32,NA,NA,45386226,24648302
Hydromys,chrysogaster,62,Z5248,33,NA,NA,65143184,35125509
Apodemus,sylvaticus,63,SMG3823,34,NA,NA,36407714,19861090
Archboldomys,luzonensis,64,EAR1826,35,NA,NA,38003656,20698001
Bunomys,chrysocomus,65,JAE4867,36,NA,NA,45882606,24928833
Haeromys,minahassae,66,JAE4996,37,NA,NA,33738032,18430382
Maxomys,surifer,67,JAE3632,38,NA,NA,43596256,23741537
Niviventer,lepturus,68,JAE4746,39,NA,NA,40539155,22052509
Paruromys,dominator,69,JAE4870,40,NA,NA,25357527,13860017
Bunomys,andrewsi,NA,NA,NA,andrewsii,GATGCC,22177568,11088784
Rattus,exulans,NA,NA,NA,exulans,TGACGT and GCATTG,51423276,25711638
Rattus,hoffmani,NA,NA,NA,hoffmani,CCGATT and GATCTC,58994848,29497424
Rattus,leucopus,NA,NA,NA,leucopus,ATGCCG,22859962,11429981
Rattus,lutreolus,NA,NA,NA,lutreolus,CAATAT,28388342,14194171
Maxomys,musschenbroekii,NA,NA,NA,musschenbroekii,CAATTA,25086182,12543091
Rattus,praetor,NA,NA,NA,praetor,CAGTAC,21106198,10553099
Rattus,villosissimus,NA,NA,NA,vilosissimus,AGATAG,29499268,14749634
